19251964,pooled,disposable,25,0.59424
19251964,pooled,disposable,26,0.60695
19251964,pooled,disposable,27,0.62075
19251964,pooled,disposable,28,0.59702
19251964,pooled,disposable,29,0.60573
19251964,pooled,disposable,30,0.61251
19251964,pooled,disposable,31,0.61593
19251964,pooled,disposable,32,0.61454
19251964,pooled,disposable,33,0.61934
19251964,pooled,disposable,34,0.62593
19251964,pooled,disposable,35,0.62978
19251964,pooled,disposable,36,0.62173
19251964,pooled,disposable,37,0.63059
19251964,pooled,disposable,38,0.63431
19251964,pooled,disposable,39,0.63898
19251964,pooled,disposable,40,0.64415
19251964,pooled,disposable,41,0.64411
19251964,pooled,disposable,42,0.64031
19251964,pooled,disposable,43,0.63983
19251964,pooled,disposable,44,0.64186
19251964,pooled,disposable,45,0.6348
19251964,pooled,disposable,46,0.63395
19251964,pooled,disposable,47,0.63431
19251964,pooled,disposable,48,0.62634
19251964,pooled,disposable,49,0.62261
19251964,pooled,disposable,50,0.62041
19251964,pooled,disposable,51,0.61983
19251964,pooled,disposable,52,0.6102
19251964,pooled,disposable,53,0.60751
19251964,pooled,disposable,54,0.59918
19251964,pooled,disposable,55,0.5894
19251964,pooled,disposable,56,0.57949
19251964,pooled,disposable,57,0.55171
19251964,pooled,disposable,58,0.54614
19251964,pooled,disposable,59,0.54245
